{
  "constant": 3289.5038528442383,
  "exponential": 6076.270315885544,
  "linear": 5328.536133766174,
  "sigmoid": 3526.4845814704895,
  "reciprocal": 883.6611497402191
}