{
  "constant": 9.991132131244457,
  "exponential": 4.65791415230144,
  "linear": 3.245010006638787,
  "sigmoid": 2.5483323687145565,
  "reciprocal": 1.1308995960193122
}