{
  "constant": 4287.368789196014,
  "exponential": 6743.9398901462555,
  "linear": 5548.538036823273,
  "sigmoid": 3488.584257364273,
  "reciprocal": 1193.39
}
